{"cameraMode":{"drawMode":0,"name":"Shaded","section":"Shading Mode"},"sceneLighting":true,"audioPlay":false,"sceneViewState":{"showFog":true,"showMaterialUpdate":false,"showSkybox":true,"showFlares":true,"showImageEffects":true,"showParticleSystems":true},"in2DMode":false,"pivot":{"x":-0.7621013522148132,"y":1.3454055786132813,"z":-1.8307132720947266},"rotation":{"x":-0.20575667917728425,"y":-0.025834402069449426,"z":0.0054341754876077179,"w":-0.9782490134239197},"size":10.725775718688965,"orthographic":false}