{"cameraMode":{"drawMode":0,"name":"Shaded","section":"Shading Mode"},"sceneLighting":true,"audioPlay":false,"sceneViewState":{"showFog":true,"showMaterialUpdate":false,"showSkybox":true,"showFlares":true,"showImageEffects":true,"showParticleSystems":true},"in2DMode":false,"pivot":{"x":0.009669601917266846,"y":1.1595213413238526,"z":-1.9642605781555176},"rotation":{"x":-0.2363291084766388,"y":-0.04167238622903824,"z":0.010145770385861397,"w":-0.9707279205322266},"size":6.3066229820251469,"orthographic":false}